Diagnosis,LogsheetType,LogsheetTab,Column,Row,Value,ExtendedDiagnosis,FilePath,DataType,Requirement
x after y violation,water,sampling,arr_date_hq,31,2022-02-11 00:00:00,arr_date_hq must be after ship_date (y = 2022-10-31 00:00:00),/github/workspace/logsheets/filtered/water_sampling.csv,XSDDate,mandatory
x after y violation,water,sampling,arr_date_hq,32,2022-02-11 00:00:00,arr_date_hq must be after ship_date (y = 2022-10-31 00:00:00),/github/workspace/logsheets/filtered/water_sampling.csv,XSDDate,mandatory
x after y violation,water,sampling,arr_date_hq,33,2022-02-11 00:00:00,arr_date_hq must be after ship_date (y = 2022-10-31 00:00:00),/github/workspace/logsheets/filtered/water_sampling.csv,XSDDate,mandatory
x after y violation,water,sampling,arr_date_hq,34,2022-02-11 00:00:00,arr_date_hq must be after ship_date (y = 2022-10-31 00:00:00),/github/workspace/logsheets/filtered/water_sampling.csv,XSDDate,mandatory
x after y violation,water,sampling,arr_date_hq,41,2022-02-11 00:00:00,arr_date_hq must be after ship_date (y = 2022-10-31 00:00:00),/github/workspace/logsheets/filtered/water_sampling.csv,XSDDate,mandatory
x after y violation,water,sampling,arr_date_hq,42,2022-02-11 00:00:00,arr_date_hq must be after ship_date (y = 2022-10-31 00:00:00),/github/workspace/logsheets/filtered/water_sampling.csv,XSDDate,mandatory
x after y violation,water,sampling,arr_date_hq,43,2022-02-11 00:00:00,arr_date_hq must be after ship_date (y = 2022-10-31 00:00:00),/github/workspace/logsheets/filtered/water_sampling.csv,XSDDate,mandatory
x after y violation,water,sampling,arr_date_hq,44,2022-02-11 00:00:00,arr_date_hq must be after ship_date (y = 2022-10-31 00:00:00),/github/workspace/logsheets/filtered/water_sampling.csv,XSDDate,mandatory
x after y violation,water,sampling,arr_date_hq,51,2022-02-11 00:00:00,arr_date_hq must be after ship_date (y = 2022-10-31 00:00:00),/github/workspace/logsheets/filtered/water_sampling.csv,XSDDate,mandatory
x after y violation,water,sampling,arr_date_hq,52,2022-02-11 00:00:00,arr_date_hq must be after ship_date (y = 2022-10-31 00:00:00),/github/workspace/logsheets/filtered/water_sampling.csv,XSDDate,mandatory
x after y violation,water,sampling,arr_date_hq,53,2022-02-11 00:00:00,arr_date_hq must be after ship_date (y = 2022-10-31 00:00:00),/github/workspace/logsheets/filtered/water_sampling.csv,XSDDate,mandatory
x after y violation,water,sampling,arr_date_hq,54,2022-02-11 00:00:00,arr_date_hq must be after ship_date (y = 2022-10-31 00:00:00),/github/workspace/logsheets/filtered/water_sampling.csv,XSDDate,mandatory
x after y violation,water,sampling,arr_date_hq,61,2022-02-11 00:00:00,arr_date_hq must be after ship_date (y = 2022-10-31 00:00:00),/github/workspace/logsheets/filtered/water_sampling.csv,XSDDate,mandatory
x after y violation,water,sampling,arr_date_hq,62,2022-02-11 00:00:00,arr_date_hq must be after ship_date (y = 2022-10-31 00:00:00),/github/workspace/logsheets/filtered/water_sampling.csv,XSDDate,mandatory
x after y violation,water,sampling,arr_date_hq,63,2022-02-11 00:00:00,arr_date_hq must be after ship_date (y = 2022-10-31 00:00:00),/github/workspace/logsheets/filtered/water_sampling.csv,XSDDate,mandatory
x after y violation,water,sampling,arr_date_hq,64,2022-02-11 00:00:00,arr_date_hq must be after ship_date (y = 2022-10-31 00:00:00),/github/workspace/logsheets/filtered/water_sampling.csv,XSDDate,mandatory
source_mat_id error,water,sampling,source_mat_id,1,EMOBON_OSD74_Wa_1,source_mat_id should match ^EMOBON_OSD74_Wa_210831_200um_1$,/github/workspace/logsheets/filtered/water_sampling.csv,XSDString,mandatory
source_mat_id error,water,sampling,source_mat_id,2,EMOBON_OSD74_Wa_2,source_mat_id should match ^EMOBON_OSD74_Wa_210831_3um_1$,/github/workspace/logsheets/filtered/water_sampling.csv,XSDString,mandatory
source_mat_id error,water,sampling,source_mat_id,3,EMOBON_OSD74_Wa_3,source_mat_id should match ^EMOBON_OSD74_Wa_210831_200um_2$,/github/workspace/logsheets/filtered/water_sampling.csv,XSDString,mandatory
source_mat_id error,water,sampling,source_mat_id,4,EMOBON_OSD74_Wa_4,source_mat_id should match ^EMOBON_OSD74_Wa_210831_3um_2$,/github/workspace/logsheets/filtered/water_sampling.csv,XSDString,mandatory
source_mat_id error,water,sampling,source_mat_id,5,EMOBON_OSD74_Wa_5,source_mat_id should match ^EMOBON_OSD74_Wa_210831_200um_3$,/github/workspace/logsheets/filtered/water_sampling.csv,XSDString,mandatory
source_mat_id error,water,sampling,source_mat_id,6,EMOBON_OSD74_Wa_6,source_mat_id should match ^EMOBON_OSD74_Wa_210831_3um_3$,/github/workspace/logsheets/filtered/water_sampling.csv,XSDString,mandatory
source_mat_id error,water,sampling,source_mat_id,7,EMOBON_OSD74_Wa_7,source_mat_id should match ^EMOBON_OSD74_Wa_210831_200um_4$,/github/workspace/logsheets/filtered/water_sampling.csv,XSDString,mandatory
source_mat_id error,water,sampling,source_mat_id,8,EMOBON_OSD74_Wa_8,source_mat_id should match ^EMOBON_OSD74_Wa_210831_3um_4$,/github/workspace/logsheets/filtered/water_sampling.csv,XSDString,mandatory
source_mat_id error,water,sampling,source_mat_id,9,EMOBON_OSD74_Wa_9,source_mat_id should match ^EMOBON_OSD74_Wa_210831_200um_blank_1$,/github/workspace/logsheets/filtered/water_sampling.csv,XSDString,mandatory
source_mat_id error,water,sampling,source_mat_id,10,EMOBON_OSD74_Wa_10,source_mat_id should match ^EMOBON_OSD74_Wa_210831_3um_blank_1$,/github/workspace/logsheets/filtered/water_sampling.csv,XSDString,mandatory
source_mat_id error,water,sampling,source_mat_id,11,EMOBON_OSD74_Wa_11,source_mat_id should match ^EMOBON_OSD74_Wa_211028_200um_1$,/github/workspace/logsheets/filtered/water_sampling.csv,XSDString,mandatory
source_mat_id error,water,sampling,source_mat_id,12,EMOBON_OSD74_Wa_12,source_mat_id should match ^EMOBON_OSD74_Wa_211028_3um_1$,/github/workspace/logsheets/filtered/water_sampling.csv,XSDString,mandatory
source_mat_id error,water,sampling,source_mat_id,13,EMOBON_OSD74_Wa_13,source_mat_id should match ^EMOBON_OSD74_Wa_211028_200um_2$,/github/workspace/logsheets/filtered/water_sampling.csv,XSDString,mandatory
source_mat_id error,water,sampling,source_mat_id,14,EMOBON_OSD74_Wa_14,source_mat_id should match ^EMOBON_OSD74_Wa_211028_3um_2$,/github/workspace/logsheets/filtered/water_sampling.csv,XSDString,mandatory
source_mat_id error,water,sampling,source_mat_id,15,EMOBON_OSD74_Wa_15,source_mat_id should match ^EMOBON_OSD74_Wa_211028_200um_3$,/github/workspace/logsheets/filtered/water_sampling.csv,XSDString,mandatory
source_mat_id error,water,sampling,source_mat_id,16,EMOBON_OSD74_Wa_16,source_mat_id should match ^EMOBON_OSD74_Wa_211028_3um_3$,/github/workspace/logsheets/filtered/water_sampling.csv,XSDString,mandatory
source_mat_id error,water,sampling,source_mat_id,17,EMOBON_OSD74_Wa_17,source_mat_id should match ^EMOBON_OSD74_Wa_211028_200um_4$,/github/workspace/logsheets/filtered/water_sampling.csv,XSDString,mandatory
source_mat_id error,water,sampling,source_mat_id,18,EMOBON_OSD74_Wa_18,source_mat_id should match ^EMOBON_OSD74_Wa_211028_3um_4$,/github/workspace/logsheets/filtered/water_sampling.csv,XSDString,mandatory
source_mat_id error,water,sampling,source_mat_id,19,EMOBON_OSD74_Wa_19,source_mat_id should match ^EMOBON_OSD74_Wa_211028_200um_blank_1$,/github/workspace/logsheets/filtered/water_sampling.csv,XSDString,mandatory
source_mat_id error,water,sampling,source_mat_id,20,EMOBON_OSD74_Wa_20,source_mat_id should match ^EMOBON_OSD74_Wa_211028_3um_blank_1$,/github/workspace/logsheets/filtered/water_sampling.csv,XSDString,mandatory
source_mat_id error,water,sampling,source_mat_id,21,EMOBON_OSD74_Wa_21,source_mat_id should match ^EMOBON_OSD74_Wa_211218_200um_1$,/github/workspace/logsheets/filtered/water_sampling.csv,XSDString,mandatory
source_mat_id error,water,sampling,source_mat_id,22,EMOBON_OSD74_Wa_22,source_mat_id should match ^EMOBON_OSD74_Wa_211218_3um_1$,/github/workspace/logsheets/filtered/water_sampling.csv,XSDString,mandatory
source_mat_id error,water,sampling,source_mat_id,23,EMOBON_OSD74_Wa_23,source_mat_id should match ^EMOBON_OSD74_Wa_211218_200um_2$,/github/workspace/logsheets/filtered/water_sampling.csv,XSDString,mandatory
source_mat_id error,water,sampling,source_mat_id,24,EMOBON_OSD74_Wa_24,source_mat_id should match ^EMOBON_OSD74_Wa_211218_3um_2$,/github/workspace/logsheets/filtered/water_sampling.csv,XSDString,mandatory
source_mat_id error,water,sampling,source_mat_id,25,EMOBON_OSD74_Wa_25,source_mat_id should match ^EMOBON_OSD74_Wa_211218_200um_3$,/github/workspace/logsheets/filtered/water_sampling.csv,XSDString,mandatory
source_mat_id error,water,sampling,source_mat_id,26,EMOBON_OSD74_Wa_26,source_mat_id should match ^EMOBON_OSD74_Wa_211218_3um_3$,/github/workspace/logsheets/filtered/water_sampling.csv,XSDString,mandatory
source_mat_id error,water,sampling,source_mat_id,27,EMOBON_OSD74_Wa_27,source_mat_id should match ^EMOBON_OSD74_Wa_211218_200um_4$,/github/workspace/logsheets/filtered/water_sampling.csv,XSDString,mandatory
source_mat_id error,water,sampling,source_mat_id,28,EMOBON_OSD74_Wa_28,source_mat_id should match ^EMOBON_OSD74_Wa_211218_3um_4$,/github/workspace/logsheets/filtered/water_sampling.csv,XSDString,mandatory
source_mat_id error,water,sampling,source_mat_id,29,EMOBON_OSD74_Wa_29,source_mat_id should match ^EMOBON_OSD74_Wa_211218_200um_blank_1$,/github/workspace/logsheets/filtered/water_sampling.csv,XSDString,mandatory
source_mat_id error,water,sampling,source_mat_id,30,EMOBON_OSD74_Wa_30,source_mat_id should match ^EMOBON_OSD74_Wa_211218_3um_blank_1$,/github/workspace/logsheets/filtered/water_sampling.csv,XSDString,mandatory
source_mat_id error,water,sampling,source_mat_id,31,EMOBON_OSD74_Wa_31,source_mat_id should match ^EMOBON_OSD74_Wa_220225_200um_1$,/github/workspace/logsheets/filtered/water_sampling.csv,XSDString,mandatory
source_mat_id error,water,sampling,source_mat_id,32,EMOBON_OSD74_Wa_32,source_mat_id should match ^EMOBON_OSD74_Wa_220225_3um_1$,/github/workspace/logsheets/filtered/water_sampling.csv,XSDString,mandatory
source_mat_id error,water,sampling,source_mat_id,33,EMOBON_OSD74_Wa_33,source_mat_id should match ^EMOBON_OSD74_Wa_220225_200um_2$,/github/workspace/logsheets/filtered/water_sampling.csv,XSDString,mandatory
source_mat_id error,water,sampling,source_mat_id,34,EMOBON_OSD74_Wa_34,source_mat_id should match ^EMOBON_OSD74_Wa_220225_3um_2$,/github/workspace/logsheets/filtered/water_sampling.csv,XSDString,mandatory
source_mat_id error,water,sampling,source_mat_id,35,EMOBON_OSD74_Wa_35,source_mat_id should match ^EMOBON_OSD74_Wa_220225_200um_3$,/github/workspace/logsheets/filtered/water_sampling.csv,XSDString,mandatory
source_mat_id error,water,sampling,source_mat_id,36,EMOBON_OSD74_Wa_36,source_mat_id should match ^EMOBON_OSD74_Wa_220225_3um_3$,/github/workspace/logsheets/filtered/water_sampling.csv,XSDString,mandatory
source_mat_id error,water,sampling,source_mat_id,37,EMOBON_OSD74_Wa_37,source_mat_id should match ^EMOBON_OSD74_Wa_220225_200um_4$,/github/workspace/logsheets/filtered/water_sampling.csv,XSDString,mandatory
source_mat_id error,water,sampling,source_mat_id,38,EMOBON_OSD74_Wa_38,source_mat_id should match ^EMOBON_OSD74_Wa_220225_3um_4$,/github/workspace/logsheets/filtered/water_sampling.csv,XSDString,mandatory
source_mat_id error,water,sampling,source_mat_id,39,EMOBON_OSD74_Wa_39,source_mat_id should match ^EMOBON_OSD74_Wa_220225_200um_blank_1$,/github/workspace/logsheets/filtered/water_sampling.csv,XSDString,mandatory
source_mat_id error,water,sampling,source_mat_id,40,EMOBON_OSD74_Wa_40,source_mat_id should match ^EMOBON_OSD74_Wa_220225_3um_blank_1$,/github/workspace/logsheets/filtered/water_sampling.csv,XSDString,mandatory
source_mat_id error,water,sampling,source_mat_id,41,EMOBON_OSD74_Wa_41,source_mat_id should match ^EMOBON_OSD74_Wa_220420_200um_1$,/github/workspace/logsheets/filtered/water_sampling.csv,XSDString,mandatory
source_mat_id error,water,sampling,source_mat_id,42,EMOBON_OSD74_Wa_42,source_mat_id should match ^EMOBON_OSD74_Wa_220420_3um_1$,/github/workspace/logsheets/filtered/water_sampling.csv,XSDString,mandatory
source_mat_id error,water,sampling,source_mat_id,43,EMOBON_OSD74_Wa_43,source_mat_id should match ^EMOBON_OSD74_Wa_220420_200um_2$,/github/workspace/logsheets/filtered/water_sampling.csv,XSDString,mandatory
source_mat_id error,water,sampling,source_mat_id,44,EMOBON_OSD74_Wa_44,source_mat_id should match ^EMOBON_OSD74_Wa_220420_3um_2$,/github/workspace/logsheets/filtered/water_sampling.csv,XSDString,mandatory
source_mat_id error,water,sampling,source_mat_id,45,EMOBON_OSD74_Wa_45,source_mat_id should match ^EMOBON_OSD74_Wa_220420_200um_3$,/github/workspace/logsheets/filtered/water_sampling.csv,XSDString,mandatory
source_mat_id error,water,sampling,source_mat_id,46,EMOBON_OSD74_Wa_46,source_mat_id should match ^EMOBON_OSD74_Wa_220420_3um_3$,/github/workspace/logsheets/filtered/water_sampling.csv,XSDString,mandatory
source_mat_id error,water,sampling,source_mat_id,47,EMOBON_OSD74_Wa_47,source_mat_id should match ^EMOBON_OSD74_Wa_220420_200um_4$,/github/workspace/logsheets/filtered/water_sampling.csv,XSDString,mandatory
source_mat_id error,water,sampling,source_mat_id,48,EMOBON_OSD74_Wa_48,source_mat_id should match ^EMOBON_OSD74_Wa_220420_3um_4$,/github/workspace/logsheets/filtered/water_sampling.csv,XSDString,mandatory
source_mat_id error,water,sampling,source_mat_id,49,EMOBON_OSD74_Wa_49,source_mat_id should match ^EMOBON_OSD74_Wa_220420_200um_blank_1$,/github/workspace/logsheets/filtered/water_sampling.csv,XSDString,mandatory
source_mat_id error,water,sampling,source_mat_id,50,EMOBON_OSD74_Wa_50,source_mat_id should match ^EMOBON_OSD74_Wa_220420_3um_blank_1$,/github/workspace/logsheets/filtered/water_sampling.csv,XSDString,mandatory
source_mat_id error,water,sampling,source_mat_id,51,EMOBON_OSD74_Wa_51,source_mat_id should match ^EMOBON_OSD74_Wa_220614_200um_1$,/github/workspace/logsheets/filtered/water_sampling.csv,XSDString,mandatory
source_mat_id error,water,sampling,source_mat_id,52,EMOBON_OSD74_Wa_52,source_mat_id should match ^EMOBON_OSD74_Wa_220614_3um_1$,/github/workspace/logsheets/filtered/water_sampling.csv,XSDString,mandatory
source_mat_id error,water,sampling,source_mat_id,53,EMOBON_OSD74_Wa_53,source_mat_id should match ^EMOBON_OSD74_Wa_220614_200um_2$,/github/workspace/logsheets/filtered/water_sampling.csv,XSDString,mandatory
source_mat_id error,water,sampling,source_mat_id,54,EMOBON_OSD74_Wa_54,source_mat_id should match ^EMOBON_OSD74_Wa_220614_3um_2$,/github/workspace/logsheets/filtered/water_sampling.csv,XSDString,mandatory
source_mat_id error,water,sampling,source_mat_id,55,EMOBON_OSD74_Wa_55,source_mat_id should match ^EMOBON_OSD74_Wa_220614_200um_3$,/github/workspace/logsheets/filtered/water_sampling.csv,XSDString,mandatory
source_mat_id error,water,sampling,source_mat_id,56,EMOBON_OSD74_Wa_56,source_mat_id should match ^EMOBON_OSD74_Wa_220614_3um_3$,/github/workspace/logsheets/filtered/water_sampling.csv,XSDString,mandatory
source_mat_id error,water,sampling,source_mat_id,57,EMOBON_OSD74_Wa_57,source_mat_id should match ^EMOBON_OSD74_Wa_220614_200um_4$,/github/workspace/logsheets/filtered/water_sampling.csv,XSDString,mandatory
source_mat_id error,water,sampling,source_mat_id,58,EMOBON_OSD74_Wa_58,source_mat_id should match ^EMOBON_OSD74_Wa_220614_3um_4$,/github/workspace/logsheets/filtered/water_sampling.csv,XSDString,mandatory
source_mat_id error,water,sampling,source_mat_id,59,EMOBON_OSD74_Wa_59,source_mat_id should match ^EMOBON_OSD74_Wa_220614_200um_blank_1$,/github/workspace/logsheets/filtered/water_sampling.csv,XSDString,mandatory
source_mat_id error,water,sampling,source_mat_id,60,EMOBON_OSD74_Wa_60,source_mat_id should match ^EMOBON_OSD74_Wa_220614_3um_blank_1$,/github/workspace/logsheets/filtered/water_sampling.csv,XSDString,mandatory
source_mat_id error,water,sampling,source_mat_id,61,EMOBON_OSD74_Wa_61,source_mat_id should match ^EMOBON_OSD74_Wa_220820_200um_1$,/github/workspace/logsheets/filtered/water_sampling.csv,XSDString,mandatory
source_mat_id error,water,sampling,source_mat_id,62,EMOBON_OSD74_Wa_62,source_mat_id should match ^EMOBON_OSD74_Wa_220820_3um_1$,/github/workspace/logsheets/filtered/water_sampling.csv,XSDString,mandatory
source_mat_id error,water,sampling,source_mat_id,63,EMOBON_OSD74_Wa_63,source_mat_id should match ^EMOBON_OSD74_Wa_220820_200um_2$,/github/workspace/logsheets/filtered/water_sampling.csv,XSDString,mandatory
source_mat_id error,water,sampling,source_mat_id,64,EMOBON_OSD74_Wa_64,source_mat_id should match ^EMOBON_OSD74_Wa_220820_3um_2$,/github/workspace/logsheets/filtered/water_sampling.csv,XSDString,mandatory
source_mat_id error,water,sampling,source_mat_id,65,EMOBON_OSD74_Wa_65,source_mat_id should match ^EMOBON_OSD74_Wa_220820_200um_3$,/github/workspace/logsheets/filtered/water_sampling.csv,XSDString,mandatory
source_mat_id error,water,sampling,source_mat_id,66,EMOBON_OSD74_Wa_66,source_mat_id should match ^EMOBON_OSD74_Wa_220820_3um_3$,/github/workspace/logsheets/filtered/water_sampling.csv,XSDString,mandatory
source_mat_id error,water,sampling,source_mat_id,67,EMOBON_OSD74_Wa_67,source_mat_id should match ^EMOBON_OSD74_Wa_220820_200um_4$,/github/workspace/logsheets/filtered/water_sampling.csv,XSDString,mandatory
source_mat_id error,water,sampling,source_mat_id,68,EMOBON_OSD74_Wa_68,source_mat_id should match ^EMOBON_OSD74_Wa_220820_3um_4$,/github/workspace/logsheets/filtered/water_sampling.csv,XSDString,mandatory
source_mat_id error,water,sampling,source_mat_id,69,EMOBON_OSD74_Wa_69,source_mat_id should match ^EMOBON_OSD74_Wa_220820_200um_blank_1$,/github/workspace/logsheets/filtered/water_sampling.csv,XSDString,mandatory
source_mat_id error,water,sampling,source_mat_id,70,EMOBON_OSD74_Wa_70,source_mat_id should match ^EMOBON_OSD74_Wa_220820_3um_blank_1$,/github/workspace/logsheets/filtered/water_sampling.csv,XSDString,mandatory
source_mat_id error,water,sampling,source_mat_id,71,EMOBON_OSD74_Wa_71,source_mat_id should match ^EMOBON_OSD74_Wa_221014_200um_1$,/github/workspace/logsheets/filtered/water_sampling.csv,XSDString,mandatory
source_mat_id error,water,sampling,source_mat_id,72,EMOBON_OSD74_Wa_72,source_mat_id should match ^EMOBON_OSD74_Wa_221014_3um_1$,/github/workspace/logsheets/filtered/water_sampling.csv,XSDString,mandatory
source_mat_id error,water,sampling,source_mat_id,73,EMOBON_OSD74_Wa_73,source_mat_id should match ^EMOBON_OSD74_Wa_221014_200um_2$,/github/workspace/logsheets/filtered/water_sampling.csv,XSDString,mandatory
source_mat_id error,water,sampling,source_mat_id,74,EMOBON_OSD74_Wa_74,source_mat_id should match ^EMOBON_OSD74_Wa_221014_3um_2$,/github/workspace/logsheets/filtered/water_sampling.csv,XSDString,mandatory
source_mat_id error,water,sampling,source_mat_id,75,EMOBON_OSD74_Wa_75,source_mat_id should match ^EMOBON_OSD74_Wa_221014_200um_3$,/github/workspace/logsheets/filtered/water_sampling.csv,XSDString,mandatory
source_mat_id error,water,sampling,source_mat_id,76,EMOBON_OSD74_Wa_76,source_mat_id should match ^EMOBON_OSD74_Wa_221014_3um_3$,/github/workspace/logsheets/filtered/water_sampling.csv,XSDString,mandatory
source_mat_id error,water,sampling,source_mat_id,77,EMOBON_OSD74_Wa_77,source_mat_id should match ^EMOBON_OSD74_Wa_221014_200um_4$,/github/workspace/logsheets/filtered/water_sampling.csv,XSDString,mandatory
source_mat_id error,water,sampling,source_mat_id,78,EMOBON_OSD74_Wa_78,source_mat_id should match ^EMOBON_OSD74_Wa_221014_3um_4$,/github/workspace/logsheets/filtered/water_sampling.csv,XSDString,mandatory
source_mat_id error,water,sampling,source_mat_id,79,EMOBON_OSD74_Wa_79,source_mat_id should match ^EMOBON_OSD74_Wa_221014_200um_blank_1$,/github/workspace/logsheets/filtered/water_sampling.csv,XSDString,mandatory
source_mat_id error,water,sampling,source_mat_id,80,EMOBON_OSD74_Wa_80,source_mat_id should match ^EMOBON_OSD74_Wa_221014_3um_blank_1$,/github/workspace/logsheets/filtered/water_sampling.csv,XSDString,mandatory
source_mat_id error,water,sampling,source_mat_id,81,EMOBON_OSD74_Wa_81,source_mat_id should match ^EMOBON_OSD74_Wa_221221_200um_1$,/github/workspace/logsheets/filtered/water_sampling.csv,XSDString,mandatory
source_mat_id error,water,sampling,source_mat_id,82,EMOBON_OSD74_Wa_82,source_mat_id should match ^EMOBON_OSD74_Wa_221221_3um_1$,/github/workspace/logsheets/filtered/water_sampling.csv,XSDString,mandatory
source_mat_id error,water,sampling,source_mat_id,83,EMOBON_OSD74_Wa_83,source_mat_id should match ^EMOBON_OSD74_Wa_221221_200um_2$,/github/workspace/logsheets/filtered/water_sampling.csv,XSDString,mandatory
source_mat_id error,water,sampling,source_mat_id,84,EMOBON_OSD74_Wa_84,source_mat_id should match ^EMOBON_OSD74_Wa_221221_3um_2$,/github/workspace/logsheets/filtered/water_sampling.csv,XSDString,mandatory
source_mat_id error,water,sampling,source_mat_id,85,EMOBON_OSD74_Wa_85,source_mat_id should match ^EMOBON_OSD74_Wa_221221_200um_3$,/github/workspace/logsheets/filtered/water_sampling.csv,XSDString,mandatory
source_mat_id error,water,sampling,source_mat_id,86,EMOBON_OSD74_Wa_86,source_mat_id should match ^EMOBON_OSD74_Wa_221221_3um_3$,/github/workspace/logsheets/filtered/water_sampling.csv,XSDString,mandatory
source_mat_id error,water,sampling,source_mat_id,87,EMOBON_OSD74_Wa_87,source_mat_id should match ^EMOBON_OSD74_Wa_221221_200um_4$,/github/workspace/logsheets/filtered/water_sampling.csv,XSDString,mandatory
source_mat_id error,water,sampling,source_mat_id,88,EMOBON_OSD74_Wa_88,source_mat_id should match ^EMOBON_OSD74_Wa_221221_3um_4$,/github/workspace/logsheets/filtered/water_sampling.csv,XSDString,mandatory
source_mat_id error,water,sampling,source_mat_id,89,EMOBON_OSD74_Wa_89,source_mat_id should match ^EMOBON_OSD74_Wa_221221_200um_blank_1$,/github/workspace/logsheets/filtered/water_sampling.csv,XSDString,mandatory
source_mat_id error,water,sampling,source_mat_id,90,EMOBON_OSD74_Wa_90,source_mat_id should match ^EMOBON_OSD74_Wa_221221_3um_blank_1$,/github/workspace/logsheets/filtered/water_sampling.csv,XSDString,mandatory
